Name,WOD 1,WOD 2,WOD 3,WOD 4,WOD 5,WOD 6,WOD 7
EMILY BUCKSATH,606.0,35.0,205.0,199.0,150.0,2057.0,209.0
MADDIE SISCO,715.0,18.0,137.0,224.0,345.0,2020.0,286.0
JORDAN BORK,345.0,9.0,135.0,170.0,339.0,1910.0,168.0
JENNIE KAUFMAN,720.0,22.0,167.0,126.0,189.0,1994.0,72.0
KIM MCINTYRE,421.0,37.0,135.0,177.0,258.0,2067.0,141.0
ELIZABETH LEGG,646.0,20.0,160.0,90.0,150.0,1951.0,48.0
SAMANTHA GREEN,883.0,16.0,155.0,180.0,175.0,2000.0,117.0
DANIELLE SHANINE,532.0,19.0,155.0,195.0,344.0,1896.0,215.0
ELIZABETH  WHALEY ,820.0,51.0,122.0,209.0,150.0,1936.0,142.0
JULIE KENT,466.0,23.0,95.0,116.0,235.0,1857.0,66.0
KAYLA TONEY,266.0,17.0,155.0,124.0,150.0,1932.0,115.0
KARLA RENEE CORTEZ,766.0,18.0,155.0,146.0,175.0,1943.0,86.0
LAURA GOMEZ,456.0,22.0,150.0,155.0,240.0,1960.0,84.0
TIFFANY HEAD,472.0,16.0,147.0,160.0,90.0,1957.0,116.0
HANNAH BAUTA,387.0,21.0,165.0,88.0,260.0,2060.0,64.0
RACHEL DYER-NEIDHOLDT,870.0,20.0,150.0,200.0,255.0,1803.0,48.0
SANDY SUN,885.0,8.0,127.0,178.0,320.0,2052.0,93.0
CRYSTAL  BURT,825.0,12.0,125.0,195.0,150.0,1802.0,190.0
NICHOLE MCGOWAN,720.0,16.0,155.0,175.0,153.0,1889.0,142.0
AMANDA TSCHIRHART,862.0,10.0,130.0,171.0,277.0,2030.0,45.0
JENNIFER GRAHAM,790.0,17.0,155.0,96.0,280.0,1978.0,94.0
ANDREA HOSMER,263.0,40.0,125.0,188.0,290.0,1949.0,212.0
RENEE KNUROWSKI,731.0,23.0,130.0,180.0,290.0,1952.0,138.0
CRYSTAL BROX,894.0,18.0,135.0,156.0,272.0,1956.0,45.0
SUMMER BLACK,880.0,15.0,140.0,154.0,235.0,1970.0,46.0
ELIANA CASTRO,864.0,21.0,165.0,86.0,260.0,1736.0,84.0
SARAH LASKARES,751.0,20.0,145.0,148.0,111.0,2022.0,92.0
KELSEY WILLIAMS,808.0,13.0,140.0,162.0,119.0,1828.0,68.0
JILL AIELLO,668.0,11.0,125.0,120.0,150.0,1874.0,191.0
FELLON CHEUNG,840.0,16.0,145.0,151.0,248.0,1778.0,89.0
YADIRA PEREZ,642.0,28.0,105.0,116.0,120.0,1721.0,72.0
LARYSA REED,880.0,24.0,105.0,164.0,201.0,1885.0,40.0
KATIE MOORKAMP,646.0,16.0,155.0,79.0,90.0,2006.0,39.0
LAURIN VILLEDA,761.0,16.0,150.0,128.0,309.0,1767.0,60.0
AMBER MCLAUGHLIN,870.0,18.0,155.0,152.0,115.0,1977.0,89.0
KRYSTLE BRACKETT,800.0,0.0,110.0,163.0,93.0,1972.0,120.0
SHARON CECILIANO,267.0,39.0,115.0,162.0,307.0,1978.0,116.0
MARIE BEASLEY,375.0,12.0,135.0,153.0,255.0,1970.0,44.0
MOLLY DALTON,714.0,36.0,105.0,167.0,90.0,1868.0,40.0
YELIMA  PINTO ,455.0,35.0,135.0,144.0,175.0,2350.0,116.0
PRISCILLA AUSTIN,720.0,17.0,155.0,149.0,195.0,2012.0,106.0
TAYLOR PAYNE,408.0,10.0,176.37,111.0,90.0,1852.0,17.0
GIULIA ISETTI,546.0,15.0,145.0,171.0,285.0,1986.0,179.0
ALEJANDRA  GARCÍA FIGUEROA,788.0,11.0,145.0,119.0,108.0,1877.0,207.0
AMANDA RICCITELLI,720.0,1.0,115.0,130.0,113.0,1865.0,93.0
LINNEA CULLINGS ,720.0,49.0,105.0,138.0,157.0,1786.0,188.0
CRYSTAL  DAVENPORT ,832.0,17.0,145.0,88.0,96.0,1715.0,20.0
LAUREN NEIDENFEUHR,320.0,40.0,122.0,190.0,250.0,2098.0,90.0
JASMINE GASCON,322.0,20.0,140.0,185.0,350.0,1815.0,216.0
LISHA WATSON,900.0,14.0,145.0,67.0,150.0,1957.0,46.0
DENISE FARMER ,367.0,14.0,150.0,168.0,264.0,1880.0,264.0
LINDSEY WEIDENBACH,279.0,35.0,105.0,157.0,310.0,1913.0,90.0
JESSICA SILBERLING,838.0,30.0,110.0,122.0,155.0,1784.0,43.0
TEAGAN HALL,351.0,11.0,135.0,110.0,285.0,1956.0,284.0
DANIELLE JAROUSSE,766.0,17.0,155.0,116.0,358.0,1893.0,58.0
KRYSTAL SMUDA,353.0,27.0,110.0,156.0,238.0,2013.0,36.0
KELSEY DEVEREAUX,248.0,36.0,125.0,220.0,150.0,2006.0,23.0
MELISSA DAHUD,350.0,15.0,145.0,84.0,241.0,1754.0,88.0
KIMBERLY O'NEILL,695.0,11.0,125.0,75.0,282.0,1811.0,92.0
DANA ARTESONA ,720.0,11.0,135.0,125.0,240.0,1730.0,22.0
MARIANNE SHEEHAN,889.0,12.0,145.0,71.0,99.0,1821.0,60.0
KAILA TREMBLAY,865.0,5.0,125.0,150.0,255.0,1804.0,45.0
MARIA DEL ROCIO AVILA LOPEZ,730.0,32.0,115.0,199.0,290.0,1804.0,138.0
ASHLEY CASTILLO ,288.0,13.0,145.0,138.0,324.0,1868.0,64.0
REBECCA NARKUNAS,351.0,39.0,150.0,201.0,265.0,2043.0,238.0
JAMIE THOMAS,538.0,17.0,135.0,110.0,150.0,1967.0,66.0
STEPHANIE REYES,720.0,9.0,130.0,135.0,99.0,1779.0,88.0
WHITNEY BRIGGS,261.0,10.0,140.0,151.0,242.0,1914.0,90.0
STEPHANIE  NELSON,720.0,23.0,105.0,131.0,145.0,1741.0,23.0
Rachel Wolff,481.0,32.0,121.0,144.0,159.0,1973.0,48.0
ASHLEY EDDY,930.0,34.0,110.0,136.0,290.0,2023.0,168.0
ELVIA PALACIO,469.0,24.0,100.0,86.0,245.0,1688.0,1168.0
STEPHANIE HARGER,492.0,21.0,95.0,146.0,290.0,1603.0,47.0
LISA VREELAND,473.0,26.0,105.0,100.0,180.0,1724.0,65.0
TAMMY LUITJENS,900.0,11.0,130.0,142.0,203.0,1927.0,64.0
JENI CHANEY,904.0,10.0,125.0,126.0,225.0,1788.0,43.0
BRE SMITH,398.0,10.0,135.0,151.0,263.0,1897.0,119.0
CHLOE COPPERSMITH,382.0,33.0,140.0,155.0,206.0,2020.0,139.0
JAMIE LESK,497.0,9.0,154.0,141.0,150.0,1903.0,45.0
ERIN MAGEE ERIN MAGEE,840.0,10.0,130.0,127.0,80.0,1841.0,44.0
CHELSEA BENNETT,566.0,36.0,140.0,150.0,246.0,1977.0,48.0
SOLENE RICHARD,664.0,17.0,94.0,124.0,217.0,1819.0,61.0
YADIRA GREESON,720.0,27.0,90.0,136.0,90.0,1915.0,63.0
ALEXANDRIA ZIKOYANIS,329.0,43.0,95.0,168.0,293.0,1744.0,45.0
ANGELA VELASQUEZ,720.0,14.0,135.0,144.0,109.0,1895.0,240.0
RACHAEL DURRANCE,495.0,36.0,115.0,155.0,159.0,1894.0,69.0
JEANINE SPAHN-SZTUCHLIK,1038.0,2.0,119.0,115.0,90.0,1863.0,16.0
TARA WOODRUFF,711.0,2.0,120.0,120.0,90.0,1863.0,37.0
NICOLE ONEILL,718.0,34.0,140.0,134.0,180.0,1947.0,92.0
JESSICA  CLARK,950.0,11.0,137.5,85.0,150.0,1645.0,38.0
LISA  FRYIA,476.0,14.0,135.0,145.0,170.0,1856.0,48.0
ALISON SMITH,889.0,3.0,120.0,72.0,170.0,1854.0,34.0
MERCURY SIMONIAN,598.0,30.0,115.0,139.0,205.0,1905.0,120.0
MICHELLE BROOKS,720.0,11.0,130.0,145.0,180.0,1904.0,64.0
DANIELA MEREDIZ LARA,850.0,3.0,115.0,120.0,90.0,1729.0,96.0
TINA FILIPPI,501.0,35.0,130.0,158.0,276.0,1917.0,91.0
EMILY WESTPHAL,519.0,4.0,115.0,134.0,200.0,1813.0,68.0
ASHLIE  TILLEY,690.0,41.0,137.0,116.0,150.0,1902.0,66.0
MISSY RIVERO,850.0,8.0,140.0,72.0,150.0,1583.0,40.0
JENNIFER ADAMS,900.0,22.0,110.0,120.0,167.0,1846.0,16.0
BETH MCCREADY,545.0,29.0,110.0,148.0,222.0,1812.0,70.0
NICOLE PEARL,720.0,6.0,126.0,98.0,130.0,1858.0,25.0
GRISELL RODRIGUEZ,398.0,30.0,150.0,152.0,280.0,1840.0,47.0
JESSICA GONZALEZ,330.0,31.0,120.0,123.0,298.0,1837.0,72.0
MADISON CUMMONS,886.0,22.0,100.0,139.0,188.0,1744.0,45.0
KAYCIE MORGAN,1020.0,28.0,135.0,119.0,162.0,1785.0,64.0
DAPHNE RODRIGUEZ,482.0,27.0,117.0,123.0,290.0,1732.0,44.0
MIRJANA KULICS,371.0,24.0,135.0,159.0,320.0,1708.0,96.0
GABI TORRES,362.0,28.0,110.0,126.0,247.0,1854.0,48.0
MELODY SAXON,480.0,13.0,105.0,117.0,248.0,1845.0,43.0
ALEXANDRA CRAIG,382.0,31.0,105.0,147.0,150.0,1855.0,94.0
LINDSAY VINCENT,483.0,27.0,115.0,92.0,293.0,1776.0,39.0
BRITTANY FREEZE,585.0,23.0,130.0,149.0,166.0,1871.0,69.0
LETICIA CABRERA,331.0,30.0,130.0,110.0,273.0,1732.0,71.0
ARACELI RIOS,583.0,33.0,135.0,165.0,278.0,1757.0,45.0
IVA NG,340.0,29.0,95.0,156.0,303.0,1741.0,64.0
GEORGIA  GEORGACOPULOS ,593.0,5.0,125.0,116.0,222.0,1877.0,92.0
JESSICA GUBERMAN,607.0,7.0,130.0,98.0,204.0,1741.0,24.0
MINDY CARRELL,502.0,4.0,120.0,122.0,188.0,1594.0,72.0
TRISHA ZEHRUNG,626.0,26.0,105.0,122.0,175.0,1860.0,22.0
JENNIFER MESZAROS,718.0,16.0,100.0,118.0,156.0,1827.0,17.0
SARAH GOMEZ,586.0,13.0,80.0,124.0,150.0,1804.0,8.0
KELLY COOK,445.0,38.0,125.0,106.0,161.0,1758.0,90.0
GHIZLANE ALLALI,291.0,28.0,95.0,112.0,170.0,1672.0,45.0
GLENDELINE ARENDS- MALDONADO,493.0,32.0,107.0,106.0,222.0,1757.0,188.0
ANGELA LAGE,558.0,28.0,120.0,113.0,228.0,1820.0,36.0
MARY DECHENE,667.0,26.0,115.0,158.0,162.0,1836.0,64.0
KRISTI KRON,483.0,30.0,115.0,129.0,247.0,1721.0,45.0
ALESSANDRA FERRETTI,382.0,28.0,105.0,137.0,193.0,1654.0,64.0
DONNA  GAINES ,439.0,26.0,115.0,110.0,200.0,1762.0,36.0
NATASHA BASSETT,580.0,34.0,125.0,123.0,150.0,1734.0,42.0
FELICITY CARR,542.0,13.0,65.0,97.0,243.0,1700.0,22.0
BETH GOUGE,628.0,18.0,85.0,114.0,158.0,1782.0,11.0
CARON SHIMEL,411.0,13.0,80.0,126.0,150.0,1828.0,13.0
MADELYN BETTA,528.0,26.0,105.0,86.0,192.0,1713.0,48.0
MARIA QUISTIAN,602.0,29.0,120.0,104.0,150.0,1746.0,16.0
KALU BRAKE,634.0,27.0,75.0,141.0,183.0,1740.0,21.0
STEPHANIE CHAU,729.0,33.0,135.0,88.0,154.0,1648.0,24.0
JENNA KELLY,625.0,11.0,95.0,105.0,200.0,1791.0,17.0
MARY STASIEWICZ,632.0,22.0,100.0,102.0,150.0,1812.0,15.0
ELYSHA CARRIERE,719.0,22.0,100.0,98.0,140.0,1789.0,42.0
MARCY RAMIREZ,758.0,24.0,100.0,84.0,175.0,1534.0,20.0
SABRINA DIERKSEN,945.0,20.0,90.0,96.0,175.0,1634.0,26.0
GRISELDA FLORES,607.0,22.0,85.0,103.0,157.0,1442.0,15.0
BRENDA SIMONIAN,366.0,34.0,115.0,146.0,260.0,1914.0,0
AVERY  HODGSON,638.0,12.0,140.0,114.0,322.0,2034.0,0
LAUREN BOGAN,716.0,11.0,130.0,195.0,0,1928.0,117.0
AMANDA  KINDLER,836.0,18.0,145.0,145.0,95.0,1972.0,0
TRISTAN FRIEBUS,491.0,13.0,150.0,140.0,276.0,2024.0,0
BRITTNY WATSON,0,14.0,150.0,168.0,93.0,1854.0,71.0
MEGAN INFANTINO,596.0,8.0,125.0,123.0,0,1824.0,68.0
LOUANE SILVA,893.0,7.0,130.0,0,189.0,1966.0,91.0
ALEJANDRA  MARTINEZ,697.0,10.0,135.0,127.0,0,1906.0,64.0
STEPHANIE WOODSON,388.0,29.0,95.0,220.0,240.0,1753.0,0
DALIA QUEVEDO,935.0,8.0,130.0,114.0,150.0,1926.0,0
JEN KWAS,720.0,0.0,105.0,112.0,110.0,2023.0,0
KARLI SHUR,649.0,27.0,95.0,119.0,220.0,1546.0,0
PRISMA BEAUDOIN,900.0,7.0,135.0,99.0,0,1562.0,42.0
JENNIFER  MORGAN,477.0,24.0,90.0,123.0,151.0,1945.0,0
LAURA ROBERTSON,317.0,35.0,105.0,160.0,317.0,1634.0,0
COURTNEY VAN DUSEN,602.0,29.0,140.0,116.0,251.0,1804.0,0
JENNIFER  GENOVESE,457.0,24.0,110.0,156.0,210.0,1767.0,0
THERESE FESSENDEN,610.0,27.0,125.0,114.0,185.0,1728.0,0
CHRISTINE SUMOWSKI,348.0,27.0,95.0,120.0,120.0,1700.0,0
JULIE STOEGERER,697.0,14.0,70.0,0,180.0,1499.0,24.0
RAQUEL ECHAVARRIA,590.0,19.0,95.0,64.0,130.0,1632.0,0
SAMANTHA PRICE,659.0,34.0,175.0,181.0,334.0,0,0
LWANA  JULIAO ,365.0,32.0,115.0,134.0,231.0,0,0
CORI BRUCKNER,530.0,27.0,115.0,0,0,1887.0,117.0
CITLALY  DAVILA ,720.0,17.0,155.0,0,0,1928.0,142.0
CAROLINE  JENSEN,702.0,16.0,155.0,166.0,242.0,0,0
NICOLE HELFENBERGER,665.0,22.0,165.0,127.0,100.0,0,0
SOLITA BERGELT,583.0,33.0,95.0,94.0,152.0,0,0
JILL WEIDA,565.0,0,0,91.0,262.0,1813.0,19.0
LAURA MCGUIRE,340.0,19.0,155.0,167.0,90.0,0,0
SANDRA PAONESSA,569.0,29.0,157.0,119.0,167.0,0,0
MOLLIE KEENER,827.0,20.0,141.0,188.0,290.0,0,0
EMILY FAXON,300.0,19.0,160.0,155.0,245.0,0,0
JESSICA PHILLIPS,780.0,14.0,145.0,166.0,150.0,0,0
MARY-TYLER WAHL,893.0,11.0,165.0,120.0,227.0,0,0
MARISA URRUTIA,720.0,13.0,130.0,0,200.0,1699.0,0
ASHLEY WICKLUND,720.0,5.0,120.0,0,0,1778.0,71.0
REBECCA ALWINE,598.0,0,0,117.0,250.0,1906.0,72.0
LINDSAY KANE ,998.0,12.0,135.0,153.0,150.0,0,0
CRYSTAL  ROBINSON ,361.0,14.0,135.0,128.0,246.0,0,0
ZURINA WILLIAMS,850.0,30.0,135.0,121.0,136.0,0,0
CASSIE SABOL,859.0,7.0,135.0,55.0,0,1816.0,0
CARRIE ANN WELSH,314.0,9.0,140.0,163.0,294.0,0,0
BIANCA PUIG,983.0,10.0,145.0,137.0,201.0,0,0
KARLIE KINLEY ,400.0,14.0,140.0,129.0,170.0,0,0
RACHELLE  XA,720.0,4.0,120.0,120.0,170.0,0,0
WENDI SOX,527.0,7.0,135.0,0,0,1577.0,74.0
ELIZABETH WHITMYRE,637.0,41.0,135.0,0,0,1789.0,188.0
BRITTANY CHAMPAGNE,407.0,13.0,75.0,114.0,150.0,0,0
RAQUEL TORRES,433.0,1.0,115.0,0,0,1780.0,120.0
JADE MEDDERS,346.0,32.0,115.0,170.0,326.0,0,0
VIOLETA  CLINE,434.0,36.0,120.0,94.0,231.0,0,0
ERIN HOOPER,360.0,27.0,105.0,123.0,239.0,0,0
KRISTINA ARTIGAS,909.0,25.0,140.0,66.0,141.0,0,0
NIKKI STUMPF ,455.0,32.0,105.0,148.0,173.0,0,0
TERRA CROXDALE,472.0,22.0,110.0,147.0,235.0,0,0
KATHERINE ESTRADA,463.0,26.0,105.0,125.0,242.0,0,0
MANDY RENFRO,639.0,32.0,125.0,115.0,200.0,0,0
SYDNEY MILLIS,475.0,28.0,105.0,118.0,185.0,0,0
CYNTHIA ENG,668.0,24.0,111.0,156.0,180.0,0,0
CRISTIN WAITE,381.0,14.0,85.0,149.0,157.0,0,0
KATHERINE  VANDERWALL ,720.0,23.0,55.0,98.0,134.0,0,0
ANGELA MCCLOUD,651.0,22.0,112.5,117.0,164.0,0,0
SARAH SOHN ,0,16.0,135.0,170.0,338.0,0,0
KRISTI COUCH,622.0,15.0,95.0,92.0,0,0,0
JESSICA DIAZ,712.0,17.0,140.0,124.0,0,0,0
RHAIMARI GONZALEZ,720.0,9.0,125.0,0,217.0,0,0
BREANNA PELTON,807.0,12.0,130.0,189.0,0,0,0
LISA NG ,0,0,0,102.0,160.0,1758.0,22.0
ELIZABETH DOOLEY,0,0,0,93.0,125.0,1682.0,21.0
JULIE PASCAZIO,940.0,1.0,115.0,124.0,0,0,0
HEATHER BYRD,359.0,40.0,155.0,0,198.0,0,0
CHRISTIN ANDREWS ,455.0,35.0,125.0,184.0,0,0,0
REGINA HO,900.0,21.0,100.0,0,0,1656.0,0
JENNETTA  GEORGE,954.0,30.0,115.0,0,167.0,0,0
JENN AMARAL,582.0,22.0,135.0,145.0,0,0,0
LEE JARRATT,832.0,12.0,95.0,80.0,0,0,0
AYANA SABREE,698.0,25.0,175.0,0,0,0,0
IVETTE GOICOURIA,403.0,27.0,135.0,0,0,0,0
ARIEL  POWERS,454.0,27.0,115.0,0,0,0,0
NICOLE JOHNSON,367.0,20.0,145.0,0,0,0,0
LINDSAY VENZA,312.0,18.0,140.0,0,0,0,0
ALYSSA FONTENOT,400.0,17.0,145.0,0,0,0,0
CARLA CHOPEK ,748.0,24.0,110.0,0,0,0,0
NICHOLE  QUINTANA ,720.0,14.0,150.0,0,0,0,0
KIERSTEN CHAMBERS,404.0,13.0,145.0,0,0,0,0
DEVON MARLOW,435.0,13.0,145.0,0,0,0,0
SARAH PUPANEK,632.0,14.0,145.0,0,0,0,0
HANNA ESTEVEZ ,424.0,12.0,140.0,0,0,0,0
EMILY STEINMAN,719.0,31.0,120.0,0,0,0,0
PAIGE  KELLY,720.0,15.0,145.0,0,0,0,0
ANA  VECCHIO,601.0,17.0,107.0,0,0,0,0
KIRSTEN HAZLEWOOD,353.0,7.0,135.0,0,0,0,0
CALLIE TALLEY,389.0,4.0,125.0,0,0,0,0
LAURA CONKLIN ,741.0,0,0,127.0,170.0,0,0
ROMANA  BISCARINI,195.0,42.0,145.0,0,0,0,0
KRISTINA ROZELLE,423.0,36.0,135.0,0,0,0,0
BROOKE CLARK,298.0,34.0,117.0,0,0,0,0
ZUZANA JANCIKOVA,404.0,33.0,125.0,0,0,0,0
KIM DEAKINS,459.0,35.0,125.0,0,0,0,0
MONICA  ARMENGOL-PENA,431.0,31.0,120.0,0,0,0,0
KATHERINE MORALES,578.0,115.0,115.0,0,0,0,0
NICOLE SEGURA,517.0,31.0,125.0,0,0,0,0
JEN NAUGHTON,445.0,35.0,102.0,0,0,0,0
BERENICE  LOPEZ,453.0,20.0,130.0,0,0,0,0
TARYNN PESCUMA ,579.0,26.0,115.0,0,0,0,0
MIMI JAY,468.0,25.0,105.0,0,0,0,0
KEELY HUGHES,526.0,17.0,121.0,0,0,0,0
AMANDA PAINTER,781.0,15.0,85.0,0,0,0,0
KARLEE MASON,0,0,0,154.0,150.0,0,0
AMY ESPOSITO,0,23.0,110.0,0,0,0,0
JESSICA BARLAGE,0,23.0,105.0,0,0,0,0
ANNE HERRICK,0,16.0,90.0,0,0,0,0
ANGELICA ROMERO,0,10.0,75.0,0,0,0,0
BETH SULLIVAN,513.0,0,0,0,0,0,0
VALERIA GONZALEZ DOMINATO,546.0,0,0,0,0,0,0
ASHLEY STCLAIR,585.0,0,0,0,0,0,0
ALANA RICHARDSON,622.0,0,0,0,0,0,0
CHARLENE CLARK,822.0,0,0,0,0,0,0
